image_path,xmin,xmax,ymin,ymax,label
1000_1500_1200_2200_region.png,90,139,281,327,Tree
1000_1500_1200_2200_region.png,126,145,196,211,Tree
1000_1500_1200_2200_region.png,146,164,260,277,Tree
1000_1500_1200_2200_region.png,357,400,142,171,Tree
1000_1500_1200_2200_region.png,411,454,105,142,Tree
1000_1500_1200_2200_region.png,387,434,33,70,Tree
1000_1500_1200_2200_region.png,611,637,136,158,Tree
1000_1500_1200_2200_region.png,662,679,116,136,Tree
1000_1500_1200_2200_region.png,535,558,113,142,Tree
1000_1500_1200_2200_region.png,565,589,121,152,Tree
1000_1500_1200_2200_region.png,80,112,145,168,Tree
1000_1500_1200_2200_region.png,166,212,78,121,Tree
1000_1500_1200_2200_region.png,165,201,131,162,Tree
1000_1500_1200_2200_region.png,233,270,131,169,Tree
1000_1500_1200_2200_region.png,212,242,105,136,Tree
1000_1500_1200_2200_region.png,250,279,58,101,Tree
1000_1500_1200_2200_region.png,146,192,42,72,Tree
1000_1500_1200_2200_region.png,208,256,6,45,Tree
1000_1500_1200_2200_region.png,2,26,165,198,Tree
1000_1500_1200_2200_region.png,44,73,285,316,Tree
1000_1500_1200_2200_region.png,325,357,107,152,Tree
1000_1500_1200_2200_region.png,334,377,67,104,Tree
1000_1500_1200_2200_region.png,326,354,35,72,Tree
1000_1500_1200_2200_region.png,284,317,48,66,Tree
1000_1500_1200_2200_region.png,395,434,0,22,Tree
1000_1500_1200_2200_region.png,627,649,27,55,Tree
1000_1500_1200_2200_region.png,31,52,383,409,Tree
1000_1500_1200_2200_region.png,53,69,364,385,Tree
1000_1500_1200_2200_region.png,78,93,377,402,Tree
1000_1500_1200_2200_region.png,98,129,390,413,Tree
1000_1500_1200_2200_region.png,221,249,305,334,Tree
1000_1500_1200_2200_region.png,254,281,303,340,Tree
1000_1500_1200_2200_region.png,180,203,325,350,Tree
1000_1500_1200_2200_region.png,137,166,382,411,Tree
1000_1500_1200_2200_region.png,178,211,389,414,Tree
1000_1500_1200_2200_region.png,215,242,380,405,Tree
1000_1500_1200_2200_region.png,298,334,287,322,Tree
1000_1500_1200_2200_region.png,347,368,274,315,Tree
1000_1500_1200_2200_region.png,393,425,285,318,Tree
1000_1500_1200_2200_region.png,451,487,281,312,Tree
1000_1500_1200_2200_region.png,661,693,199,230,Tree
1000_1500_1200_2200_region.png,612,653,222,250,Tree
1000_1500_1200_2200_region.png,521,557,252,276,Tree
1000_1500_1200_2200_region.png,483,521,262,290,Tree
1000_1500_1200_2200_region.png,667,696,237,270,Tree
1000_1500_1200_2200_region.png,614,649,256,287,Tree
1000_1500_1200_2200_region.png,581,606,255,281,Tree
1000_1500_1200_2200_region.png,552,581,339,370,Tree
1000_1500_1200_2200_region.png,508,533,387,411,Tree
1000_1500_1200_2200_region.png,710,741,383,411,Tree
1000_1500_1200_2200_region.png,673,701,384,411,Tree
1000_1500_1200_2200_region.png,712,740,352,380,Tree
1000_1500_1200_2200_region.png,712,737,323,346,Tree
1000_1500_1200_2200_region.png,709,736,288,315,Tree
1000_1500_1200_2200_region.png,706,737,255,282,Tree
1000_1500_1200_2200_region.png,671,702,277,308,Tree
1000_1500_1200_2200_region.png,651,680,303,327,Tree
1000_1500_1200_2200_region.png,624,653,348,375,Tree
1000_1500_1200_2200_region.png,665,686,349,375,Tree
1000_1500_1200_2200_region.png,633,662,382,407,Tree
1000_1500_1200_2200_region.png,592,621,385,412,Tree
1000_1500_1200_2200_region.png,584,615,348,378,Tree
1000_1500_1200_2200_region.png,585,615,313,340,Tree
1000_1500_1200_2200_region.png,620,646,310,339,Tree
1000_1500_1200_2200_region.png,573,611,285,308,Tree
1000_1500_1200_2200_region.png,546,574,304,333,Tree
1000_1500_1200_2200_region.png,511,538,291,311,Tree
1000_1500_1200_2200_region.png,541,575,376,405,Tree
1000_1500_1200_2200_region.png,462,494,382,410,Tree
1000_1500_1200_2200_region.png,457,482,341,366,Tree
1000_1500_1200_2200_region.png,430,460,305,332,Tree
1000_1500_1200_2200_region.png,427,450,390,411,Tree
1000_1500_1200_2200_region.png,389,414,375,403,Tree
1000_1500_1200_2200_region.png,379,411,319,342,Tree
1000_1500_1200_2200_region.png,342,367,377,403,Tree
1000_1500_1200_2200_region.png,314,345,396,414,Tree
1000_1500_1200_2200_region.png,341,370,319,341,Tree
1000_1500_1200_2200_region.png,298,327,332,357,Tree
1000_1500_1200_2200_region.png,247,276,351,380,Tree
1000_1500_1200_2200_region.png,249,268,385,410,Tree
1000_1500_1200_2200_region.png,703,726,5,30,Tree
1000_1500_1200_2200_region.png,788,819,190,227,Tree
1000_1500_1200_2200_region.png,752,789,373,416,Tree
1000_1500_1200_2200_region.png,750,788,326,364,Tree
1000_1500_1200_2200_region.png,802,824,301,330,Tree
1000_1500_1200_2200_region.png,795,824,255,292,Tree
1000_1500_1200_2200_region.png,746,779,280,312,Tree
1000_1500_1200_2200_region.png,764,791,229,261,Tree
1000_1500_2200_3200_region.png,107,147,33,66,Tree
1000_1500_2200_3200_region.png,207,246,27,57,Tree
1000_1500_2200_3200_region.png,162,188,52,73,Tree
1000_1500_2200_3200_region.png,89,104,109,142,Tree
1000_1500_2200_3200_region.png,115,142,116,137,Tree
1000_1500_2200_3200_region.png,118,148,142,161,Tree
1000_1500_2200_3200_region.png,19,58,194,221,Tree
1000_1500_2200_3200_region.png,115,156,386,411,Tree
1000_1500_2200_3200_region.png,492,529,61,88,Tree
1000_1500_2200_3200_region.png,427,485,5,48,Tree
1000_1500_2200_3200_region.png,276,318,17,46,Tree
1000_1500_2200_3200_region.png,26,75,32,61,Tree
1000_1500_2200_3200_region.png,30,66,264,289,Tree
1000_1500_2200_3200_region.png,17,60,233,256,Tree
1000_1500_2200_3200_region.png,25,50,355,378,Tree
1000_1500_2200_3200_region.png,154,195,315,348,Tree
1000_1500_2200_3200_region.png,97,133,252,284,Tree
1000_1500_2200_3200_region.png,144,181,246,278,Tree
1000_1500_2200_3200_region.png,86,123,201,230,Tree
1000_1500_2200_3200_region.png,173,209,200,231,Tree
1000_1500_2200_3200_region.png,255,289,194,221,Tree
1000_1500_2200_3200_region.png,286,340,60,107,Tree
1000_1500_2200_3200_region.png,511,536,155,178,Tree
1000_1500_2200_3200_region.png,472,500,135,160,Tree
1000_1500_2200_3200_region.png,418,462,73,98,Tree
1000_1500_2200_3200_region.png,539,574,48,87,Tree
1000_1500_2200_3200_region.png,556,595,19,46,Tree
1000_1500_2200_3200_region.png,703,738,54,87,Tree
1000_1500_2200_3200_region.png,627,664,8,38,Tree
1000_1500_2200_3200_region.png,619,648,153,176,Tree
1000_1500_2200_3200_region.png,658,686,144,169,Tree
1000_1500_2200_3200_region.png,684,709,117,145,Tree
1000_1500_2200_3200_region.png,713,739,95,122,Tree
1000_1500_2200_3200_region.png,649,683,109,136,Tree
1000_1500_2200_3200_region.png,646,670,69,98,Tree
1000_1500_2200_3200_region.png,530,575,241,274,Tree
1000_1500_2200_3200_region.png,575,612,225,262,Tree
1000_1500_2200_3200_region.png,463,512,292,327,Tree
1000_1500_2200_3200_region.png,394,429,308,336,Tree
1000_1500_2200_3200_region.png,355,401,382,413,Tree
1000_1500_2200_3200_region.png,495,529,343,369,Tree
1000_1500_2200_3200_region.png,689,728,316,353,Tree
1000_1500_2200_3200_region.png,601,638,339,365,Tree
1000_1500_2200_3200_region.png,598,637,299,332,Tree
1000_1500_2200_3200_region.png,584,615,267,294,Tree
1000_1500_2200_3200_region.png,637,672,229,265,Tree
1000_1500_2200_3200_region.png,689,718,277,302,Tree
1000_1500_2200_3200_region.png,718,744,255,284,Tree
1000_1500_2200_3200_region.png,694,734,211,244,Tree
1000_1500_2200_3200_region.png,693,728,171,202,Tree
1000_1500_2200_3200_region.png,717,737,140,159,Tree
1000_1500_2200_3200_region.png,643,682,183,215,Tree
1000_1500_2200_3200_region.png,567,600,161,190,Tree
1000_1500_2200_3200_region.png,490,529,193,224,Tree
1000_1500_2200_3200_region.png,389,426,253,278,Tree
1000_1500_2200_3200_region.png,255,295,263,292,Tree
1000_1500_2200_3200_region.png,241,271,323,348,Tree
1000_1500_2200_3200_region.png,308,337,222,253,Tree
1000_1500_2200_3200_region.png,365,382,69,86,Tree
1000_1500_2200_3200_region.png,182,215,285,309,Tree
1000_1500_2200_3200_region.png,508,546,381,412,Tree
1000_1500_2200_3200_region.png,556,595,339,368,Tree
1000_1500_2200_3200_region.png,768,801,235,268,Tree
1000_1500_2200_3200_region.png,779,810,339,365,Tree
1000_1500_2200_3200_region.png,796,830,298,334,Tree
1000_1500_2200_3200_region.png,804,823,231,254,Tree
1000_1500_2200_3200_region.png,761,797,32,75,Tree
1000_1500_3200_4200_region.png,139,181,364,392,Tree
1000_1500_3200_4200_region.png,7,50,267,294,Tree
1000_1500_3200_4200_region.png,211,247,279,311,Tree
1000_1500_3200_4200_region.png,158,195,175,202,Tree
1000_1500_3200_4200_region.png,144,170,211,229,Tree
1000_1500_3200_4200_region.png,132,159,278,302,Tree
1000_1500_3200_4200_region.png,133,154,242,269,Tree
1000_1500_3200_4200_region.png,97,127,236,263,Tree
1000_1500_3200_4200_region.png,49,77,200,222,Tree
1000_1500_3200_4200_region.png,98,131,191,218,Tree
1000_1500_3200_4200_region.png,126,154,166,189,Tree
1000_1500_3200_4200_region.png,70,106,160,185,Tree
1000_1500_3200_4200_region.png,29,65,149,176,Tree
1000_1500_3200_4200_region.png,6,36,117,148,Tree
1000_1500_3200_4200_region.png,50,78,117,143,Tree
1000_1500_3200_4200_region.png,10,42,85,110,Tree
1000_1500_4200_5200_region.png,669,706,364,411,Tree
1000_1500_4200_5200_region.png,625,659,360,395,Tree
1000_1500_4200_5200_region.png,576,613,361,395,Tree
1000_1500_4200_5200_region.png,480,508,342,384,Tree
1000_1500_4200_5200_region.png,441,470,329,375,Tree
1000_1500_4200_5200_region.png,403,435,303,345,Tree
1000_1500_4200_5200_region.png,347,386,165,202,Tree
1000_1500_4200_5200_region.png,366,404,137,159,Tree
1000_1500_4200_5200_region.png,348,387,70,121,Tree
1000_1500_4200_5200_region.png,354,385,10,46,Tree
1000_1500_4200_5200_region.png,616,651,279,309,Tree
1000_1500_4200_5200_region.png,682,723,206,237,Tree
1000_1500_4200_5200_region.png,465,500,221,255,Tree
1000_1500_5200_6200_region.png,686,736,54,96,Tree
1000_1500_5200_6200_region.png,653,694,76,107,Tree
1000_1500_5200_6200_region.png,738,773,177,223,Tree
1000_1500_5200_6200_region.png,748,782,136,168,Tree
1000_1500_5200_6200_region.png,738,776,284,317,Tree
1000_1500_5200_6200_region.png,694,732,247,282,Tree
1000_1500_5200_6200_region.png,720,757,321,351,Tree
1000_1500_5200_6200_region.png,581,654,319,375,Tree
1000_1500_5200_6200_region.png,358,403,363,404,Tree
1000_1500_5200_6200_region.png,453,495,364,404,Tree
1000_1500_5200_6200_region.png,499,555,244,285,Tree
1000_1500_5200_6200_region.png,447,492,160,210,Tree
1000_1500_5200_6200_region.png,397,432,185,225,Tree
1000_1500_5200_6200_region.png,426,463,92,125,Tree
1000_1500_5200_6200_region.png,393,419,99,128,Tree
1000_1500_5200_6200_region.png,234,292,310,358,Tree
1000_1500_5200_6200_region.png,89,132,306,341,Tree
1000_1500_5200_6200_region.png,50,107,342,375,Tree
1000_1500_5200_6200_region.png,59,91,282,301,Tree
1000_1500_5200_6200_region.png,14,50,388,413,Tree
1000_1500_5200_6200_region.png,33,68,261,298,Tree
1000_1500_5200_6200_region.png,176,215,188,228,Tree
1000_1500_5200_6200_region.png,231,255,157,180,Tree
1000_1500_5200_6200_region.png,300,334,130,161,Tree
1000_1500_5200_6200_region.png,275,328,83,123,Tree
1000_1500_5200_6200_region.png,202,228,72,105,Tree
1000_1500_5200_6200_region.png,167,198,62,100,Tree
1000_1500_5200_6200_region.png,146,186,126,165,Tree
1000_1500_5200_6200_region.png,326,372,181,224,Tree
1000_1500_5200_6200_region.png,363,400,261,300,Tree
1000_1500_5200_6200_region.png,370,409,311,356,Tree
1000_1500_5200_6200_region.png,414,452,369,410,Tree
1000_1500_5200_6200_region.png,508,561,375,408,Tree
1000_1500_5200_6200_region.png,605,635,266,295,Tree
1000_1500_5200_6200_region.png,786,816,287,329,Tree
1000_1500_5200_6200_region.png,288,324,194,227,Tree
1000_1500_5200_6200_region.png,392,427,5,32,Tree
1000_1500_6200_7200_region.png,636,692,365,412,Tree
1000_1500_6200_7200_region.png,562,604,325,368,Tree
1000_1500_6200_7200_region.png,460,498,243,280,Tree
1000_1500_6200_7200_region.png,479,511,202,234,Tree
1000_1500_6200_7200_region.png,499,551,54,125,Tree
1000_1500_6200_7200_region.png,607,624,192,210,Tree
1000_1500_6200_7200_region.png,449,485,334,368,Tree
1000_1500_6200_7200_region.png,357,398,276,309,Tree
1000_1500_6200_7200_region.png,383,423,367,400,Tree
1000_1500_6200_7200_region.png,340,396,139,188,Tree
1000_1500_6200_7200_region.png,386,418,38,72,Tree
1000_1500_6200_7200_region.png,82,115,352,387,Tree
1000_1500_6200_7200_region.png,11,55,372,404,Tree
1000_1500_6200_7200_region.png,47,83,347,380,Tree
1000_1500_6200_7200_region.png,0,39,285,318,Tree
1000_1500_6200_7200_region.png,53,88,161,186,Tree
1000_1500_6200_7200_region.png,9,43,118,153,Tree
1000_1500_6200_7200_region.png,202,253,345,397,Tree
1000_1500_6200_7200_region.png,274,305,239,276,Tree
1000_1500_6200_7200_region.png,312,338,241,278,Tree
1000_1500_7200_8200_region.png,706,768,118,169,Tree
1000_1500_7200_8200_region.png,492,527,40,75,Tree
1000_1500_7200_8200_region.png,574,605,35,65,Tree
1000_1500_7200_8200_region.png,622,665,35,74,Tree
1000_1500_7200_8200_region.png,677,704,38,72,Tree
1000_1500_7200_8200_region.png,683,728,75,104,Tree
1000_1500_7200_8200_region.png,717,752,36,75,Tree
1000_1500_7200_8200_region.png,776,820,20,61,Tree
1000_1500_7200_8200_region.png,689,726,1,33,Tree
1000_1500_7200_8200_region.png,644,687,4,34,Tree
1000_1500_7200_8200_region.png,467,512,226,273,Tree
1000_1500_7200_8200_region.png,471,499,278,322,Tree
1000_1500_7200_8200_region.png,476,509,332,390,Tree
1000_1500_7200_8200_region.png,401,459,375,413,Tree
1000_1500_7200_8200_region.png,313,370,332,379,Tree
1000_1500_7200_8200_region.png,281,327,280,320,Tree
1000_1500_7200_8200_region.png,300,334,232,271,Tree
1000_1500_7200_8200_region.png,373,405,215,249,Tree
1000_1500_7200_8200_region.png,381,411,277,310,Tree
1000_1500_7200_8200_region.png,421,452,272,306,Tree
1000_1500_7200_8200_region.png,414,445,221,256,Tree
1000_1500_7200_8200_region.png,188,232,155,183,Tree
1000_1500_7200_8200_region.png,203,244,185,221,Tree
1000_1500_7200_8200_region.png,164,204,127,154,Tree
1000_1500_7200_8200_region.png,272,324,191,222,Tree
1000_1500_7200_8200_region.png,223,263,226,262,Tree
1000_1500_7200_8200_region.png,405,439,82,117,Tree
1000_1500_7200_8200_region.png,394,436,29,73,Tree
1000_1500_7200_8200_region.png,337,371,223,263,Tree
1000_1500_7200_8200_region.png,105,144,209,240,Tree
1000_1500_8200_9200_region.png,328,375,268,305,Tree
1000_1500_8200_9200_region.png,282,305,20,53,Tree
1000_1500_8200_9200_region.png,460,494,383,412,Tree
1000_1500_8200_9200_region.png,454,494,322,361,Tree
1000_1500_8200_9200_region.png,585,624,351,386,Tree
1000_1500_8200_9200_region.png,786,814,100,129,Tree
1000_1500_8200_9200_region.png,784,810,45,74,Tree
1000_1500_8200_9200_region.png,796,832,288,319,Tree
1000_1500_8200_9200_region.png,644,679,383,416,Tree
1000_1500_8200_9200_region.png,508,546,381,409,Tree
1000_1500_8200_9200_region.png,732,769,336,368,Tree
1000_1500_8200_9200_region.png,678,717,331,365,Tree
1000_1500_8200_9200_region.png,627,668,330,367,Tree
1000_1500_8200_9200_region.png,531,563,344,371,Tree
1000_1500_8200_9200_region.png,498,526,287,309,Tree
1000_1500_8200_9200_region.png,439,476,280,308,Tree
1000_1500_8200_9200_region.png,450,478,249,272,Tree
1000_1500_8200_9200_region.png,469,488,225,244,Tree
1000_1500_8200_9200_region.png,384,410,199,223,Tree
1000_1500_8200_9200_region.png,425,459,200,235,Tree
1000_1500_8200_9200_region.png,491,520,199,225,Tree
1000_1500_8200_9200_region.png,341,379,153,179,Tree
1000_1500_8200_9200_region.png,337,366,121,141,Tree
1000_1500_8200_9200_region.png,333,360,87,111,Tree
1000_1500_8200_9200_region.png,583,610,80,102,Tree
1000_1500_8200_9200_region.png,574,611,120,149,Tree
1000_1500_8200_9200_region.png,704,733,40,69,Tree
1000_1500_8200_9200_region.png,752,788,257,284,Tree
1000_1500_8200_9200_region.png,752,789,212,244,Tree
1000_1500_8200_9200_region.png,728,774,159,198,Tree
1000_1500_8200_9200_region.png,739,772,123,154,Tree
1000_1500_8200_9200_region.png,739,771,44,79,Tree
1000_1500_8200_9200_region.png,678,713,285,315,Tree
1000_1500_8200_9200_region.png,705,736,249,277,Tree
1000_1500_8200_9200_region.png,704,740,213,242,Tree
1000_1500_8200_9200_region.png,678,717,170,200,Tree
1000_1500_8200_9200_region.png,695,731,128,161,Tree
1000_1500_8200_9200_region.png,684,721,7,34,Tree
1000_1500_8200_9200_region.png,629,669,8,32,Tree
1000_1500_8200_9200_region.png,631,657,280,304,Tree
1000_1500_8200_9200_region.png,667,694,234,273,Tree
1000_1500_8200_9200_region.png,602,648,228,262,Tree
1000_1500_8200_9200_region.png,616,643,191,219,Tree
1000_1500_8200_9200_region.png,643,675,153,181,Tree
1000_1500_8200_9200_region.png,659,688,107,141,Tree
1000_1500_8200_9200_region.png,618,651,114,145,Tree
1000_1500_8200_9200_region.png,595,630,156,183,Tree
1000_1500_8200_9200_region.png,524,567,189,220,Tree
1000_1500_8200_9200_region.png,543,580,76,106,Tree
1000_1500_8200_9200_region.png,598,639,48,76,Tree
1000_1500_8200_9200_region.png,567,608,14,39,Tree
1000_1500_8200_9200_region.png,519,548,12,37,Tree
1000_1500_8200_9200_region.png,510,552,44,73,Tree
1000_1500_8200_9200_region.png,498,526,162,186,Tree
1000_1500_8200_9200_region.png,454,493,159,196,Tree
1000_1500_8200_9200_region.png,389,428,126,152,Tree
1000_1500_8200_9200_region.png,463,488,93,119,Tree
1000_1500_8200_9200_region.png,440,470,8,34,Tree
1000_1500_8200_9200_region.png,395,427,7,40,Tree
1000_1500_8200_9200_region.png,365,391,54,86,Tree
1000_1500_8200_9200_region.png,333,370,5,42,Tree
1000_1500_8200_9200_region.png,14,47,5,37,Tree
1000_1500_8200_9200_region.png,415,445,323,352,Tree
1000_1500_9200_10200_region.png,307,351,216,253,Tree
1000_1500_9200_10200_region.png,162,209,222,264,Tree
1000_1500_9200_10200_region.png,315,341,117,139,Tree
1000_1500_9200_10200_region.png,277,303,118,138,Tree
1000_1500_9200_10200_region.png,55,92,244,269,Tree
1000_1500_9200_10200_region.png,82,119,118,144,Tree
1000_1500_9200_10200_region.png,105,136,61,87,Tree
1000_1500_9200_10200_region.png,433,469,205,245,Tree
1000_1500_9200_10200_region.png,520,563,202,238,Tree
1000_1500_9200_10200_region.png,536,575,169,197,Tree
1000_1500_9200_10200_region.png,506,537,167,195,Tree
1000_1500_9200_10200_region.png,525,557,124,159,Tree
1000_1500_9200_10200_region.png,560,579,277,304,Tree
1000_1500_9200_10200_region.png,551,585,334,360,Tree
1000_1500_9200_10200_region.png,173,201,349,379,Tree
1000_1500_9200_10200_region.png,494,524,106,136,Tree
1000_1500_10200_11200_region.png,674,705,159,196,Tree
1000_1500_10200_11200_region.png,586,612,164,191,Tree
1000_1500_10200_11200_region.png,553,575,163,181,Tree
1000_1500_10200_11200_region.png,528,540,168,179,Tree
1000_1500_10200_11200_region.png,436,463,51,77,Tree
1000_1500_10200_11200_region.png,439,462,1,17,Tree
1000_1500_10200_11200_region.png,123,145,112,137,Tree
1000_1500_10200_11200_region.png,114,134,86,105,Tree
1000_1500_10200_11200_region.png,114,138,2,32,Tree
1000_1500_10200_11200_region.png,8,36,45,71,Tree
1000_1500_10200_11200_region.png,138,165,267,289,Tree
1000_1500_10200_11200_region.png,165,203,241,264,Tree
1000_1500_11200_12200_region.png,468,501,226,264,Tree
1000_1500_11200_12200_region.png,512,533,240,265,Tree
1000_1500_11200_12200_region.png,735,758,313,341,Tree
1000_1500_11200_12200_region.png,789,823,388,411,Tree
1000_1500_11200_12200_region.png,716,742,391,409,Tree
1000_1500_11200_12200_region.png,602,635,348,376,Tree
1000_1500_11200_12200_region.png,570,595,384,409,Tree
1000_1500_11200_12200_region.png,615,642,385,413,Tree
1000_1500_11200_12200_region.png,658,681,393,409,Tree
1000_1500_11200_12200_region.png,791,812,278,301,Tree
1000_1500_11200_12200_region.png,757,792,274,307,Tree
1000_1500_11200_12200_region.png,732,759,249,266,Tree
1000_1500_11200_12200_region.png,731,756,177,202,Tree
1000_1500_11200_12200_region.png,732,753,131,156,Tree
1000_1500_11200_12200_region.png,436,453,97,117,Tree
1000_1500_11200_12200_region.png,431,452,52,73,Tree
1000_1500_11200_12200_region.png,389,421,26,55,Tree
1000_1500_11200_12200_region.png,396,414,194,214,Tree
1000_1500_11200_12200_region.png,423,446,208,237,Tree
1000_1500_12200_13200_region.png,206,258,379,411,Tree
1000_1500_12200_13200_region.png,225,288,258,294,Tree
1000_1500_12200_13200_region.png,297,332,173,207,Tree
1000_1500_12200_13200_region.png,247,278,163,195,Tree
1000_1500_12200_13200_region.png,256,295,115,149,Tree
1000_1500_12200_13200_region.png,213,244,13,61,Tree
1000_1500_12200_13200_region.png,265,303,17,62,Tree
1000_1500_12200_13200_region.png,403,458,388,413,Tree
1000_1500_12200_13200_region.png,468,516,371,415,Tree
1000_1500_12200_13200_region.png,501,550,340,374,Tree
1000_1500_12200_13200_region.png,490,549,291,334,Tree
1000_1500_12200_13200_region.png,507,550,261,291,Tree
1000_1500_12200_13200_region.png,552,593,226,273,Tree
1000_1500_12200_13200_region.png,561,600,178,216,Tree
1000_1500_12200_13200_region.png,501,546,213,252,Tree
1000_1500_12200_13200_region.png,506,549,171,212,Tree
1000_1500_12200_13200_region.png,511,557,117,155,Tree
1000_1500_12200_13200_region.png,543,592,74,115,Tree
1000_1500_12200_13200_region.png,420,462,261,305,Tree
1000_1500_12200_13200_region.png,372,420,266,303,Tree
1000_1500_12200_13200_region.png,424,457,183,213,Tree
1000_1500_12200_13200_region.png,433,463,118,145,Tree
1000_1500_12200_13200_region.png,445,464,100,112,Tree
1000_1500_12200_13200_region.png,453,488,20,52,Tree
1000_1500_12200_13200_region.png,151,190,78,118,Tree
1000_1500_12200_13200_region.png,106,138,386,414,Tree
1000_1500_12200_13200_region.png,45,95,370,406,Tree
1000_1500_12200_13200_region.png,797,828,338,369,Tree
1000_1500_13200_14200_region.png,84,129,375,400,Tree
1000_1500_13200_14200_region.png,123,158,298,325,Tree
1000_1500_13200_14200_region.png,151,178,270,302,Tree
1000_1500_13200_14200_region.png,183,227,188,229,Tree
1000_1500_13200_14200_region.png,214,244,148,188,Tree
1000_1500_13200_14200_region.png,246,265,101,147,Tree
1000_1500_13200_14200_region.png,429,485,58,109,Tree
1000_1500_13200_14200_region.png,733,761,37,66,Tree
1000_1500_13200_14200_region.png,745,781,11,42,Tree
1000_1500_13200_14200_region.png,683,721,9,46,Tree
1000_1500_13200_14200_region.png,592,630,13,36,Tree
1000_1500_13200_14200_region.png,471,515,141,179,Tree
1000_1500_13200_14200_region.png,425,464,128,173,Tree
1000_1500_13200_14200_region.png,471,498,196,229,Tree
1000_1500_13200_14200_region.png,429,460,190,220,Tree
1000_1500_13200_14200_region.png,447,474,227,255,Tree
1000_1500_13200_14200_region.png,395,423,300,320,Tree
1000_1500_13200_14200_region.png,381,404,329,353,Tree
1000_1500_13200_14200_region.png,343,368,367,398,Tree
1000_1500_13200_14200_region.png,300,327,362,394,Tree
1000_1500_13200_14200_region.png,332,366,332,361,Tree
1000_1500_13200_14200_region.png,321,346,294,323,Tree
1000_1500_13200_14200_region.png,376,402,270,299,Tree
1000_1500_13200_14200_region.png,383,419,196,235,Tree
1000_1500_13200_14200_region.png,393,424,151,186,Tree
1000_1500_13200_14200_region.png,242,268,359,383,Tree
1000_1500_13200_14200_region.png,219,254,388,415,Tree
1000_1500_13200_14200_region.png,173,203,388,411,Tree
1000_1500_13200_14200_region.png,146,177,362,394,Tree
1000_1500_13200_14200_region.png,193,219,352,376,Tree
1000_1500_13200_14200_region.png,179,216,322,354,Tree
1000_1500_13200_14200_region.png,225,258,328,354,Tree
1000_1500_13200_14200_region.png,262,294,290,328,Tree
1000_1500_13200_14200_region.png,223,252,291,325,Tree
1000_1500_13200_14200_region.png,192,209,283,303,Tree
1000_1500_13200_14200_region.png,224,251,255,283,Tree
1000_1500_13200_14200_region.png,290,320,255,289,Tree
1000_1500_13200_14200_region.png,307,344,231,265,Tree
1000_1500_13200_14200_region.png,344,369,186,213,Tree
1000_1500_13200_14200_region.png,352,380,145,182,Tree
1000_1500_13200_14200_region.png,361,403,101,145,Tree
1000_1500_13200_14200_region.png,328,364,55,89,Tree
1000_1500_13200_14200_region.png,322,357,88,123,Tree
1000_1500_13200_14200_region.png,307,340,131,161,Tree
1000_1500_13200_14200_region.png,264,299,191,223,Tree
1000_1500_13200_14200_region.png,256,295,234,271,Tree
1000_1500_13200_14200_region.png,268,309,154,183,Tree
1000_1500_13200_14200_region.png,141,170,89,104,Tree
1000_1500_13200_14200_region.png,154,177,62,74,Tree
1000_1500_13200_14200_region.png,178,202,14,32,Tree
1000_1500_13200_14200_region.png,66,88,216,237,Tree
1000_1500_14200_15200_region.png,802,832,350,391,Tree
1000_1500_14200_15200_region.png,798,827,305,335,Tree
1000_1500_14200_15200_region.png,804,824,226,250,Tree
1000_1500_14200_15200_region.png,803,827,183,219,Tree
1000_1500_14200_15200_region.png,809,829,142,168,Tree
1000_1500_14200_15200_region.png,808,827,93,124,Tree
1000_1500_14200_15200_region.png,803,827,39,74,Tree
1000_1500_15200_16200_region.png,532,584,108,153,Tree
1000_1500_15200_16200_region.png,759,806,35,74,Tree
1000_1500_15200_16200_region.png,508,554,168,214,Tree
1000_1500_15200_16200_region.png,698,743,188,238,Tree
1000_1500_15200_16200_region.png,677,712,260,294,Tree
1000_1500_15200_16200_region.png,695,739,297,337,Tree
1000_1500_15200_16200_region.png,748,777,376,409,Tree
1000_1500_15200_16200_region.png,785,820,376,407,Tree
1000_1500_15200_16200_region.png,744,773,327,366,Tree
1000_1500_15200_16200_region.png,793,823,291,322,Tree
1000_1500_15200_16200_region.png,748,778,287,316,Tree
1000_1500_15200_16200_region.png,796,827,239,277,Tree
1000_1500_15200_16200_region.png,720,748,247,281,Tree
1000_1500_15200_16200_region.png,758,793,196,240,Tree
1000_1500_15200_16200_region.png,801,830,197,233,Tree
1000_1500_15200_16200_region.png,755,789,143,181,Tree
1000_1500_15200_16200_region.png,719,747,113,143,Tree
1000_1500_15200_16200_region.png,664,693,138,164,Tree
1000_1500_15200_16200_region.png,657,683,164,193,Tree
1000_1500_15200_16200_region.png,628,647,178,199,Tree
1000_1500_15200_16200_region.png,632,655,205,228,Tree
1000_1500_15200_16200_region.png,627,654,240,265,Tree
1000_1500_15200_16200_region.png,657,672,232,247,Tree
1000_1500_15200_16200_region.png,630,655,281,302,Tree
1000_1500_15200_16200_region.png,638,664,318,345,Tree
1000_1500_15200_16200_region.png,635,658,353,372,Tree
1000_1500_15200_16200_region.png,603,628,344,366,Tree
1000_1500_15200_16200_region.png,576,598,349,369,Tree
1000_1500_15200_16200_region.png,580,607,312,333,Tree
1000_1500_15200_16200_region.png,591,616,381,407,Tree
1000_1500_15200_16200_region.png,513,539,387,410,Tree
1000_1500_15200_16200_region.png,477,503,387,411,Tree
1000_1500_15200_16200_region.png,438,467,383,408,Tree
1000_1500_15200_16200_region.png,412,435,363,385,Tree
1000_1500_15200_16200_region.png,423,446,338,363,Tree
1000_1500_15200_16200_region.png,455,478,340,367,Tree
1000_1500_15200_16200_region.png,435,450,309,327,Tree
1000_1500_15200_16200_region.png,460,486,301,327,Tree
1000_1500_15200_16200_region.png,491,508,285,310,Tree
1000_1500_15200_16200_region.png,463,490,257,283,Tree
1000_1500_15200_16200_region.png,521,550,231,252,Tree
1000_1500_15200_16200_region.png,505,528,258,285,Tree
1000_1500_15200_16200_region.png,580,604,241,259,Tree
1000_1500_15200_16200_region.png,562,585,211,232,Tree
1000_1500_15200_16200_region.png,575,598,187,209,Tree
1000_1500_15200_16200_region.png,558,583,168,194,Tree
1000_1500_15200_16200_region.png,587,610,159,184,Tree
1000_1500_15200_16200_region.png,605,624,189,213,Tree
1000_1500_15200_16200_region.png,593,620,215,235,Tree
1000_1500_15200_16200_region.png,611,626,241,259,Tree
1000_1500_15200_16200_region.png,585,604,264,288,Tree
1000_1500_15200_16200_region.png,609,630,266,293,Tree
1000_1500_15200_16200_region.png,553,580,301,331,Tree
1000_1500_15200_16200_region.png,521,546,298,329,Tree
1000_1500_15200_16200_region.png,493,513,317,342,Tree
1000_1500_15200_16200_region.png,525,548,332,355,Tree
1000_1500_15200_16200_region.png,459,498,159,200,Tree
1000_1500_15200_16200_region.png,418,453,164,202,Tree
1000_1500_15200_16200_region.png,379,418,181,216,Tree
1000_1500_15200_16200_region.png,411,441,240,275,Tree
1000_1500_15200_16200_region.png,287,324,45,82,Tree
1000_1500_15200_16200_region.png,279,317,12,42,Tree
1000_1500_15200_16200_region.png,3,30,9,42,Tree
1000_1500_15200_16200_region.png,19,53,385,413,Tree
1000_1500_15200_16200_region.png,273,296,259,286,Tree
1000_1500_15200_16200_region.png,274,299,302,325,Tree
1000_1500_15200_16200_region.png,388,414,305,331,Tree
1000_1500_15200_16200_region.png,391,409,240,267,Tree
1000_1500_15200_16200_region.png,365,391,260,287,Tree
1000_1500_15200_16200_region.png,364,383,293,319,Tree
1000_1500_15200_16200_region.png,344,371,329,358,Tree
1000_1500_15200_16200_region.png,306,336,383,409,Tree
1000_1500_15200_16200_region.png,310,340,325,358,Tree
1000_1500_15200_16200_region.png,276,299,349,374,Tree
1000_1500_15200_16200_region.png,143,166,376,397,Tree
1000_1500_15200_16200_region.png,124,139,385,401,Tree
1000_1500_15200_16200_region.png,207,226,346,364,Tree
1000_1500_15200_16200_region.png,177,200,338,366,Tree
1000_1500_15200_16200_region.png,146,175,344,374,Tree
1000_1500_15200_16200_region.png,113,139,343,368,Tree
1000_1500_15200_16200_region.png,87,108,345,364,Tree
1000_1500_15200_16200_region.png,71,94,365,389,Tree
1000_1500_15200_16200_region.png,35,58,353,374,Tree
1000_1500_15200_16200_region.png,8,34,332,351,Tree
1000_1500_15200_16200_region.png,55,75,301,328,Tree
1000_1500_15200_16200_region.png,77,105,13,35,Tree
1000_1500_15200_16200_region.png,127,155,9,32,Tree
1000_1500_15200_16200_region.png,214,249,15,39,Tree
1000_1500_15200_16200_region.png,254,274,24,49,Tree
1000_1500_15200_16200_region.png,54,82,41,66,Tree
1000_1500_15200_16200_region.png,87,113,43,70,Tree
1000_1500_15200_16200_region.png,7,40,63,89,Tree
1000_1500_15200_16200_region.png,53,80,73,100,Tree
1000_1500_15200_16200_region.png,94,121,77,100,Tree
1000_1500_15200_16200_region.png,43,73,106,133,Tree
1000_1500_15200_16200_region.png,13,36,170,190,Tree
1000_1500_15200_16200_region.png,46,75,141,170,Tree
1000_1500_15200_16200_region.png,287,320,109,141,Tree
1000_1500_15200_16200_region.png,249,279,56,85,Tree
1000_1500_15200_16200_region.png,303,330,265,303,Tree
1000_1500_15200_16200_region.png,198,218,49,75,Tree
1000_1500_15200_16200_region.png,195,223,189,214,Tree
1000_1500_15200_16200_region.png,187,215,228,261,Tree
1000_1500_15200_16200_region.png,156,183,236,258,Tree
1000_1500_15200_16200_region.png,107,130,220,235,Tree
1000_1500_15200_16200_region.png,78,104,241,266,Tree
1000_1500_15200_16200_region.png,130,155,201,227,Tree
1000_1500_15200_16200_region.png,109,150,176,199,Tree
1000_1500_15200_16200_region.png,87,123,138,168,Tree
1000_1500_15200_16200_region.png,65,86,206,230,Tree
1000_1500_15200_16200_region.png,7,33,216,242,Tree
1000_1500_15200_16200_region.png,80,106,176,199,Tree
1000_1500_15200_16200_region.png,136,168,262,292,Tree
1000_1500_15200_16200_region.png,197,212,296,318,Tree
1000_1500_15200_16200_region.png,116,142,293,320,Tree
1000_1500_15200_16200_region.png,161,187,170,199,Tree
1000_1500_15200_16200_region.png,153,174,139,160,Tree
1000_1500_15200_16200_region.png,232,259,170,196,Tree
1000_1500_15200_16200_region.png,261,286,167,191,Tree
1000_1500_15200_16200_region.png,288,311,200,227,Tree
1000_1500_15200_16200_region.png,232,258,220,250,Tree
1000_1500_15200_16200_region.png,201,225,142,161,Tree
1000_1500_15200_16200_region.png,308,332,162,189,Tree
1000_1500_15200_16200_region.png,340,362,162,181,Tree
1000_1500_15200_16200_region.png,332,361,234,258,Tree
1000_1500_15200_16200_region.png,360,385,212,239,Tree
20000_20500_1200_2200_region.png,749,770,259,284,Tree
20000_20500_1200_2200_region.png,787,832,88,128,Tree
20000_20500_1200_2200_region.png,723,748,231,258,Tree
20000_20500_1200_2200_region.png,693,714,226,249,Tree
20000_20500_1200_2200_region.png,662,677,229,248,Tree
20000_20500_1200_2200_region.png,447,465,123,144,Tree
20000_20500_1200_2200_region.png,477,499,62,82,Tree
20000_20500_1200_2200_region.png,482,517,15,48,Tree
20000_20500_1200_2200_region.png,388,416,159,193,Tree
20000_20500_1200_2200_region.png,261,286,209,235,Tree
20000_20500_1200_2200_region.png,316,336,170,198,Tree
20000_20500_1200_2200_region.png,261,295,146,181,Tree
20000_20500_1200_2200_region.png,223,251,141,188,Tree
20000_20500_1200_2200_region.png,313,327,84,98,Tree
20000_20500_1200_2200_region.png,168,197,36,63,Tree
20000_20500_1200_2200_region.png,389,423,366,402,Tree
20000_20500_1200_2200_region.png,358,393,204,239,Tree
20000_20500_1200_2200_region.png,466,511,184,222,Tree
20000_20500_1200_2200_region.png,427,451,16,53,Tree
20000_20500_2200_3200_region.png,61,82,330,345,Tree
20000_20500_2200_3200_region.png,159,192,261,292,Tree
20000_20500_2200_3200_region.png,216,247,44,68,Tree
20000_20500_2200_3200_region.png,168,197,6,29,Tree
20000_20500_2200_3200_region.png,37,82,83,113,Tree
20000_20500_2200_3200_region.png,10,46,34,63,Tree
20000_20500_2200_3200_region.png,464,495,210,225,Tree
20000_20500_2200_3200_region.png,502,526,187,208,Tree
20000_20500_2200_3200_region.png,517,537,160,176,Tree
20000_20500_2200_3200_region.png,643,673,65,96,Tree
20000_20500_2200_3200_region.png,693,728,19,62,Tree
20000_20500_2200_3200_region.png,523,558,333,364,Tree
20000_20500_2200_3200_region.png,504,546,275,316,Tree
20000_20500_2200_3200_region.png,240,261,255,270,Tree
20000_20500_2200_3200_region.png,14,41,346,373,Tree
20000_20500_3200_4200_region.png,469,516,341,392,Tree
20000_20500_3200_4200_region.png,532,580,330,385,Tree
20000_20500_3200_4200_region.png,678,711,239,264,Tree
20000_20500_3200_4200_region.png,713,759,162,220,Tree
20000_20500_3200_4200_region.png,450,517,261,306,Tree
20000_20500_3200_4200_region.png,292,345,343,389,Tree
20000_20500_3200_4200_region.png,299,352,288,334,Tree
20000_20500_3200_4200_region.png,70,109,284,314,Tree
20000_20500_3200_4200_region.png,173,212,203,244,Tree
20000_20500_3200_4200_region.png,135,160,221,255,Tree
20000_20500_3200_4200_region.png,432,470,120,143,Tree
20000_20500_3200_4200_region.png,450,483,11,48,Tree
20000_20500_3200_4200_region.png,608,643,13,44,Tree
20000_20500_3200_4200_region.png,761,799,196,242,Tree
20000_20500_3200_4200_region.png,715,763,94,129,Tree
20000_20500_3200_4200_region.png,746,781,134,161,Tree
20000_20500_3200_4200_region.png,632,677,208,240,Tree
20000_20500_3200_4200_region.png,666,702,133,177,Tree
20000_20500_3200_4200_region.png,638,665,115,138,Tree
20000_20500_3200_4200_region.png,580,619,220,245,Tree
20000_20500_3200_4200_region.png,149,184,163,188,Tree
20000_20500_3200_4200_region.png,591,631,340,374,Tree
20000_20500_3200_4200_region.png,67,115,367,404,Tree
20000_20500_4200_5200_region.png,495,556,77,126,Tree
20000_20500_4200_5200_region.png,469,495,33,56,Tree
20000_20500_4200_5200_region.png,280,311,165,205,Tree
20000_20500_4200_5200_region.png,304,347,205,246,Tree
20000_20500_4200_5200_region.png,194,240,158,202,Tree
20000_20500_4200_5200_region.png,143,189,126,173,Tree
20000_20500_4200_5200_region.png,98,148,217,257,Tree
20000_20500_4200_5200_region.png,82,140,170,207,Tree
20000_20500_4200_5200_region.png,68,117,101,149,Tree
20000_20500_4200_5200_region.png,13,50,360,397,Tree
20000_20500_4200_5200_region.png,65,115,375,409,Tree
20000_20500_4200_5200_region.png,5,49,258,297,Tree
20000_20500_4200_5200_region.png,11,56,202,241,Tree
20000_20500_4200_5200_region.png,10,54,149,190,Tree
20000_20500_4200_5200_region.png,457,494,280,331,Tree
20000_20500_4200_5200_region.png,501,525,334,375,Tree
20000_20500_4200_5200_region.png,536,564,339,360,Tree
20000_20500_4200_5200_region.png,602,631,316,359,Tree
20000_20500_4200_5200_region.png,675,695,319,344,Tree
20000_20500_4200_5200_region.png,705,741,312,342,Tree
20000_20500_4200_5200_region.png,742,767,247,274,Tree
20000_20500_4200_5200_region.png,790,821,168,194,Tree
20000_20500_4200_5200_region.png,790,807,202,223,Tree
20000_20500_4200_5200_region.png,629,671,39,78,Tree
20000_20500_4200_5200_region.png,681,726,59,86,Tree
20000_20500_4200_5200_region.png,652,679,128,155,Tree
20000_20500_4200_5200_region.png,681,714,106,139,Tree
20000_20500_4200_5200_region.png,728,758,110,143,Tree
20000_20500_4200_5200_region.png,610,645,275,302,Tree
20000_20500_4200_5200_region.png,651,680,257,288,Tree
20000_20500_4200_5200_region.png,698,727,227,252,Tree
20000_20500_4200_5200_region.png,711,741,178,208,Tree
20000_20500_4200_5200_region.png,396,429,71,111,Tree
20000_20500_4200_5200_region.png,325,351,49,69,Tree
20000_20500_4200_5200_region.png,418,438,44,67,Tree
20000_20500_4200_5200_region.png,437,483,183,221,Tree
20000_20500_4200_5200_region.png,527,557,284,318,Tree
20000_20500_4200_5200_region.png,501,541,383,415,Tree
20000_20500_4200_5200_region.png,350,370,298,330,Tree
20000_20500_5200_6200_region.png,800,831,255,284,Tree
20000_20500_5200_6200_region.png,690,724,217,255,Tree
20000_20500_5200_6200_region.png,632,646,269,290,Tree
20000_20500_5200_6200_region.png,636,668,295,319,Tree
20000_20500_5200_6200_region.png,423,453,352,384,Tree
20000_20500_5200_6200_region.png,485,517,353,378,Tree
20000_20500_5200_6200_region.png,365,402,324,362,Tree
20000_20500_5200_6200_region.png,307,334,375,404,Tree
20000_20500_5200_6200_region.png,321,360,316,356,Tree
20000_20500_5200_6200_region.png,269,311,302,346,Tree
20000_20500_5200_6200_region.png,298,329,221,249,Tree
20000_20500_5200_6200_region.png,265,291,195,224,Tree
20000_20500_5200_6200_region.png,208,237,238,272,Tree
20000_20500_5200_6200_region.png,146,180,228,254,Tree
20000_20500_5200_6200_region.png,73,106,191,246,Tree
20000_20500_5200_6200_region.png,32,64,182,204,Tree
20000_20500_5200_6200_region.png,46,73,158,180,Tree
20000_20500_5200_6200_region.png,52,82,128,151,Tree
20000_20500_5200_6200_region.png,91,126,18,57,Tree
20000_20500_5200_6200_region.png,137,179,27,72,Tree
20000_20500_5200_6200_region.png,192,221,27,60,Tree
20000_20500_5200_6200_region.png,268,297,45,93,Tree
20000_20500_5200_6200_region.png,314,337,56,94,Tree
20000_20500_5200_6200_region.png,346,376,51,89,Tree
20000_20500_5200_6200_region.png,371,411,88,127,Tree
20000_20500_5200_6200_region.png,473,510,73,114,Tree
20000_20500_5200_6200_region.png,455,490,111,134,Tree
20000_20500_5200_6200_region.png,534,569,101,135,Tree
20000_20500_5200_6200_region.png,582,622,92,129,Tree
20000_20500_5200_6200_region.png,605,650,52,90,Tree
20000_20500_5200_6200_region.png,641,678,3,38,Tree
20000_20500_5200_6200_region.png,596,636,3,37,Tree
20000_20500_5200_6200_region.png,538,582,50,84,Tree
20000_20500_5200_6200_region.png,519,552,11,42,Tree
20000_20500_5200_6200_region.png,483,512,34,64,Tree
20000_20500_5200_6200_region.png,626,659,208,241,Tree
20000_20500_5200_6200_region.png,581,613,197,230,Tree
20000_20500_5200_6200_region.png,578,609,159,188,Tree
20000_20500_5200_6200_region.png,537,572,164,199,Tree
20000_20500_5200_6200_region.png,482,521,159,191,Tree
20000_20500_5200_6200_region.png,397,436,215,246,Tree
